<?xml version="1.0" encoding="UTF-8"?>
<actions>
        <action>
            <actionName>CUSTOM-check-sign</actionName>
            <displayName>check-sign</displayName>
            <goals>
                <goal>clean</goal>
                <goal>install</goal>
            </goals>
            <properties>
                <performRelease>true</performRelease>
                <skipTests>true</skipTests>
            </properties>
        </action>
        <action>
            <actionName>CUSTOM-clean deploy</actionName>
            <displayName>clean deploy</displayName>
            <goals>
                <goal>clean</goal>
                <goal>deploy</goal>
            </goals>
        </action>
    </actions>
